Name,Email
Priya Sharma,priya.sharma0@company.com
Rahul Gupta,rahul.gupta1@company.com
Anita Patel,anita.patel2@company.com
Vikram Singh,vikram.singh3@company.com
Kavya Reddy,kavya.reddy4@company.com
Arjun Kumar,arjun.kumar5@company.com
Sneha Iyer,sneha.iyer6@company.com
Rohit Verma,rohit.verma7@company.com
Meera Nair,meera.nair8@company.com
Sanjay Mehta,sanjay.mehta9@company.com
Pooja Joshi,pooja.joshi10@company.com
Amit Tiwari,amit.tiwari11@company.com
Divya Rao,divya.rao12@company.com
Karthik Subramanian,karthik.subramanian13@company.com
Sunita Agarwal,sunita.agarwal14@company.com
Rajesh Bhat,rajesh.bhat15@company.com
Keerthana Jayaraman,keerthana.jayaraman16@company.com
Deepak Sharma,deepak.sharma17@company.com
Nisha Pillai,nisha.pillai18@company.com
Arun Krishnamurthy,arun.krishnamurthy19@company.com
Divya Bajwa,divya.bajwa20@company.com
Aadi Datta,aadi.datta21@company.com
Liam Mani,liam.mani22@company.com
Vedika Seshadri,vedika.seshadri23@company.com
Samuel Gupta,samuel.gupta24@company.com
Dhruv Kuruvilla,dhruv.kuruvilla25@company.com
Kai Kunda,kai.kunda26@company.com
Vinaya Ratti,vinaya.ratti27@company.com
Aarnav Contractor,aarnav.contractor28@company.com
Dayita Nori,dayita.nori29@company.com
Laban Sama,laban.sama30@company.com
Anay Ramaswamy,anay.ramaswamy31@company.com
Ekansh Baria,ekansh.baria32@company.com
Devansh Keer,devansh.keer33@company.com
Manbir Bhatt,manbir.bhatt34@company.com
Arin Hora,arin.hora35@company.com
Baljiwan Bandi,baljiwan.bandi36@company.com
Balvan Mangal,balvan.mangal37@company.com
Qabil Kamdar,qabil.kamdar38@company.com
Rohan Sabharwal,rohan.sabharwal39@company.com
Isaiah Dalal,isaiah.dalal40@company.com
Kashvi Sibal,kashvi.sibal41@company.com
Pavani Luthra,pavani.luthra42@company.com
Anjali Deshpande,anjali.deshpande43@company.com
Aarnav Raj,aarnav.raj44@company.com
Avi Atwal,avi.atwal45@company.com
Kritika Chaudhari,kritika.chaudhari46@company.com
Amaira Bakshi,amaira.bakshi47@company.com
Veda Bains,veda.bains48@company.com
Kashish Patel,kashish.patel49@company.com
Tripti Rau,tripti.rau50@company.com
Faras Saran,faras.saran51@company.com
Jeremiah Bakshi,jeremiah.bakshi52@company.com
Ronith Hayre,ronith.hayre53@company.com
Aditya Narasimhan,aditya.narasimhan54@company.com
Zinal Deol,zinal.deol55@company.com
Urishilla Badami,urishilla.badami56@company.com
Balhaar Shroff,balhaar.shroff57@company.com
Advik Ghosh,advik.ghosh58@company.com
Frederick Shah,frederick.shah59@company.com
Thomas Sarin,thomas.sarin60@company.com
Waida Gandhi,waida.gandhi61@company.com
Yoshita Shroff,yoshita.shroff62@company.com
Rayaan Srivastava,rayaan.srivastava63@company.com
Vrishti Talwar,vrishti.talwar64@company.com
Oscar Cheema,oscar.cheema65@company.com
Arunima Arya,arunima.arya66@company.com
Jagvi Pradhan,jagvi.pradhan67@company.com
Aditya Bose,aditya.bose68@company.com
Ayushman Nayar,ayushman.nayar69@company.com
Abhiram Bhat,abhiram.bhat70@company.com
Amaira Kapadia,amaira.kapadia71@company.com
Charita Bajaj,charita.bajaj72@company.com
Sudiksha Sura,sudiksha.sura73@company.com
Tripti Nagi,tripti.nagi74@company.com
Vedant Sehgal,vedant.sehgal75@company.com
Januja Loke,januja.loke76@company.com
Hemal Hari,hemal.hari77@company.com
Qadim Kar,qadim.kar78@company.com
Lucky Pingle,lucky.pingle79@company.com
Agastya Dhingra,agastya.dhingra80@company.com
Hemani Pall,hemani.pall81@company.com
Tarak Dutta,tarak.dutta82@company.com
Divya Sagar,divya.sagar83@company.com
Ekani Mody,ekani.mody84@company.com
Lohit Sibal,lohit.sibal85@company.com
Vasudha Devi,vasudha.devi86@company.com
Urvi Hayre,urvi.hayre87@company.com
Om Varghese,om.varghese88@company.com
Ekalinga Jha,ekalinga.jha89@company.com
Daksha Chahal,daksha.chahal90@company.com
Ekantika Modi,ekantika.modi91@company.com
Noah Bajaj,noah.bajaj92@company.com
Dakshesh Sandhu,dakshesh.sandhu93@company.com
Omkaar Sarraf,omkaar.sarraf94@company.com
Chaitanya Anand,chaitanya.anand95@company.com
Indira Bali,indira.bali96@company.com
Frado Seshadri,frado.seshadri97@company.com
Chaman Bassi,chaman.bassi98@company.com
Leena Andra,leena.andra99@company.com
